condition,Classical,Quantum,Hybrid,Adaptive
Clean,0.8594666666666667,0.5562666666666667,0.7296,0.7701333333333333
Noise 5%,0.8301333333333333,0.5037333333333334,0.5858666666666666,0.8040213333333334
Noise 10%,0.7962666666666667,0.35813333333333336,0.4962666666666667,0.7612160000000001
Noise 20%,0.6386666666666667,0.25866666666666666,0.20826666666666666,0.6082666666666667
Noise 30%,0.45893333333333336,0.24853333333333333,0.21573333333333333,0.44210133333333335
Obs 75%,0.8290666666666666,0.4696,0.29013333333333335,0.8003093333333333
Obs 50%,0.7765333333333333,0.3234666666666667,0.2696,0.740288
Obs 25%,0.5256,0.23226666666666668,0.1768,0.5021333333333333
Missing 5%,0.8605333333333334,0.5538666666666666,0.6805333333333333,0.8360000000000001
Missing 10%,0.852,0.556,0.6224,0.82832
Missing 20%,0.856,0.5538666666666666,0.5328,0.8318293333333333
